7_theo_0,seven
7_theo_10,seven
7_theo_11,seven
7_theo_12,seven
7_theo_13,seven
7_theo_14,seven
7_theo_15,seven
7_theo_16,seven
7_theo_17,seven
7_theo_18,seven
7_theo_19,seven
7_theo_1,seven
7_theo_20,seven
7_theo_21,seven
7_theo_22,seven
7_theo_23,seven
7_theo_24,seven
7_theo_25,seven
7_theo_26,seven
7_theo_27,seven
7_theo_28,seven
7_theo_29,seven
7_theo_2,seven
7_theo_30,seven
7_theo_31,seven
7_theo_32,seven
7_theo_33,seven
7_theo_34,seven
7_theo_35,seven
7_theo_36,seven
7_theo_37,seven
7_theo_38,seven
7_theo_39,seven
7_theo_3,seven
7_theo_40,seven
7_theo_41,seven
7_theo_42,seven
7_theo_43,seven
7_theo_44,seven
7_theo_45,seven
7_theo_46,seven
7_theo_47,seven
7_theo_48,seven
7_theo_49,seven
7_theo_4,seven
7_theo_5,seven
7_theo_6,seven
7_theo_7,seven
7_theo_8,seven
7_theo_9,seven
